{
  "project_info": {
    "project_number": "1086941859703",
    "firebase_url": "https://agenda-a5359-default-rtdb.firebaseio.com",
    "project_id": "agenda-a5359",
    "storage_bucket": "agenda-a5359.appspot.com"
  },
  "client": [
    {
      "client_info": {
        "mobilesdk_app_id": "1:1086941859703:android:bda402a8a1c03893a51b72",
        "android_client_info": {
          "package_name": "cl.ejemplos.agenda"
        }
      },
      "oauth_client": [
        {
          "client_id": "1086941859703-0uct2j9qm2qn8t4gca68k5fuiim5pta2.apps.googleusercontent.com",
          "client_type": 3
        }
      ],
      "api_key": [
        {
          "current_key": "AIzaSyD837gpXvAUYxowcyDMNu7aP0uXK4VsAgQ"
        }
      ],
      "services": {
        "appinvite_service": {
          "other_platform_oauth_client": [
            {
              "client_id": "1086941859703-0uct2j9qm2qn8t4gca68k5fuiim5pta2.apps.googleusercontent.com",
              "client_type": 3
            }
          ]
        }
      }
    }
  ],
  "configuration_version": "1"
}